index,mid,display_name
0,/m/07rwj00,aldfly
1,/m/07rwj01,ameavo
2,/m/07rwj02,amebit
3,/m/07rwj03,amecro
4,/m/07rwj04,amegfi
5,/m/07rwj05,amekes
6,/m/07rwj06,amepip
7,/m/07rwj07,amered
8,/m/07rwj08,amerob
9,/m/07rwj09,amewig
10,/m/07rwj10,amewoo
11,/m/07rwj11,amtspa
12,/m/07rwj12,annhum
13,/m/07rwj13,astfly
14,/m/07rwj14,baisan
15,/m/07rwj15,baleag
16,/m/07rwj16,balori
17,/m/07rwj17,banswa
18,/m/07rwj18,barswa
19,/m/07rwj19,bawwar
20,/m/07rwj20,belkin1
21,/m/07rwj21,belspa2
22,/m/07rwj22,bewwre
23,/m/07rwj23,bkbcuc
24,/m/07rwj24,bkbmag1
25,/m/07rwj25,bkbwar
26,/m/07rwj26,bkcchi
27,/m/07rwj27,bkchum
28,/m/07rwj28,bkhgro
29,/m/07rwj29,bkpwar
30,/m/07rwj30,bktspa
31,/m/07rwj31,blkpho
32,/m/07rwj32,blugrb1
33,/m/07rwj33,blujay
34,/m/07rwj34,bnhcow
35,/m/07rwj35,boboli
36,/m/07rwj36,bongul
37,/m/07rwj37,brdowl
38,/m/07rwj38,brebla
39,/m/07rwj39,brespa
40,/m/07rwj40,brncre
41,/m/07rwj41,brnthr
42,/m/07rwj42,brthum
43,/m/07rwj43,brwhaw
44,/m/07rwj44,btbwar
45,/m/07rwj45,btnwar
46,/m/07rwj46,btywar
47,/m/07rwj47,buffle
48,/m/07rwj48,buggna
49,/m/07rwj49,buhvir
50,/m/07rwj50,bulori
51,/m/07rwj51,bushti
52,/m/07rwj52,buwtea
53,/m/07rwj53,buwwar
54,/m/07rwj54,cacwre
55,/m/07rwj55,calgul
56,/m/07rwj56,calqua
57,/m/07rwj57,camwar
58,/m/07rwj58,cangoo
59,/m/07rwj59,canwar
60,/m/07rwj60,canwre
61,/m/07rwj61,carwre
62,/m/07rwj62,casfin
63,/m/07rwj63,caster1
64,/m/07rwj64,casvir
65,/m/07rwj65,cedwax
66,/m/07rwj66,chispa
67,/m/07rwj67,chiswi
68,/m/07rwj68,chswar
69,/m/07rwj69,chukar
70,/m/07rwj70,clanut
71,/m/07rwj71,cliswa
72,/m/07rwj72,comgol
73,/m/07rwj73,comgra
74,/m/07rwj74,comloo
75,/m/07rwj75,commer
76,/m/07rwj76,comnig
77,/m/07rwj77,comrav
78,/m/07rwj78,comred
79,/m/07rwj79,comter
80,/m/07rwj80,comyel
81,/m/07rwj81,coohaw
82,/m/07rwj82,coshum
83,/m/07rwj83,cowscj1
84,/m/07rwj84,daejun
85,/m/07rwj85,doccor
86,/m/07rwj86,dowwoo
87,/m/07rwj87,dusfly
88,/m/07rwj88,eargre
89,/m/07rwj89,easblu
90,/m/07rwj90,easkin
91,/m/07rwj91,easmea
92,/m/07rwj92,easpho
93,/m/07rwj93,eastow
94,/m/07rwj94,eawpew
95,/m/07rwj95,eucdov
96,/m/07rwj96,eursta
97,/m/07rwj97,evegro
98,/m/07rwj98,fiespa
99,/m/07rwj99,fiscro
100,/m/07rwj100,foxspa
101,/m/07rwj101,gadwal
102,/m/07rwj102,gcrfin
103,/m/07rwj103,gnttow
104,/m/07rwj104,gnwtea
105,/m/07rwj105,gockin
106,/m/07rwj106,gocspa
107,/m/07rwj107,goleag
108,/m/07rwj108,grbher3
109,/m/07rwj109,grcfly
110,/m/07rwj110,greegr
111,/m/07rwj111,greroa
112,/m/07rwj112,greyel
113,/m/07rwj113,grhowl
114,/m/07rwj114,grnher
115,/m/07rwj115,grtgra
116,/m/07rwj116,grycat
117,/m/07rwj117,gryfly
118,/m/07rwj118,haiwoo
119,/m/07rwj119,hamfly
120,/m/07rwj120,hergul
121,/m/07rwj121,herthr
122,/m/07rwj122,hoomer
123,/m/07rwj123,hoowar
124,/m/07rwj124,horgre
125,/m/07rwj125,horlar
126,/m/07rwj126,houfin
127,/m/07rwj127,houspa
128,/m/07rwj128,houwre
129,/m/07rwj129,indbun
130,/m/07rwj130,juntit1
131,/m/07rwj131,killde
132,/m/07rwj132,labwoo
133,/m/07rwj133,larspa
134,/m/07rwj134,lazbun
135,/m/07rwj135,leabit
136,/m/07rwj136,leafly
137,/m/07rwj137,leasan
138,/m/07rwj138,lecthr
139,/m/07rwj139,lesgol
140,/m/07rwj140,lesnig
141,/m/07rwj141,lesyel
142,/m/07rwj142,lewwoo
143,/m/07rwj143,linspa
144,/m/07rwj144,lobcur
145,/m/07rwj145,lobdow
146,/m/07rwj146,logshr
147,/m/07rwj147,lotduc
148,/m/07rwj148,louwat
149,/m/07rwj149,macwar
150,/m/07rwj150,magwar
151,/m/07rwj151,mallar3
152,/m/07rwj152,marwre
153,/m/07rwj153,merlin
154,/m/07rwj154,moublu
155,/m/07rwj155,mouchi
156,/m/07rwj156,moudov
157,/m/07rwj157,norcar
158,/m/07rwj158,norfli
159,/m/07rwj159,norhar2
160,/m/07rwj160,normoc
161,/m/07rwj161,norpar
162,/m/07rwj162,norpin
163,/m/07rwj163,norsho
164,/m/07rwj164,norwat
165,/m/07rwj165,nrwswa
166,/m/07rwj166,nutwoo
167,/m/07rwj167,olsfly
168,/m/07rwj168,orcwar
169,/m/07rwj169,osprey
170,/m/07rwj170,ovenbi1
171,/m/07rwj171,palwar
172,/m/07rwj172,pasfly
173,/m/07rwj173,pecsan
174,/m/07rwj174,perfal
175,/m/07rwj175,phaino
176,/m/07rwj176,pibgre
177,/m/07rwj177,pilwoo
178,/m/07rwj178,pingro
179,/m/07rwj179,pinjay
180,/m/07rwj180,pinsis
181,/m/07rwj181,pinwar
182,/m/07rwj182,plsvir
183,/m/07rwj183,prawar
184,/m/07rwj184,purfin
185,/m/07rwj185,pygnut
186,/m/07rwj186,rebmer
187,/m/07rwj187,rebnut
188,/m/07rwj188,rebsap
189,/m/07rwj189,rebwoo
190,/m/07rwj190,redcro
191,/m/07rwj191,redhea
192,/m/07rwj192,reevir1
193,/m/07rwj193,renpha
194,/m/07rwj194,reshaw
195,/m/07rwj195,rethaw
196,/m/07rwj196,rewbla
197,/m/07rwj197,ribgul
198,/m/07rwj198,rinduc
199,/m/07rwj199,robgro
200,/m/07rwj200,rocpig
201,/m/07rwj201,rocwre
202,/m/07rwj202,rthhum
203,/m/07rwj203,ruckin
204,/m/07rwj204,rudduc
205,/m/07rwj205,rufgro
206,/m/07rwj206,rufhum
207,/m/07rwj207,rusbla
208,/m/07rwj208,sagspa1
209,/m/07rwj209,sagthr
210,/m/07rwj210,savspa
211,/m/07rwj211,saypho
212,/m/07rwj212,scatan
213,/m/07rwj213,scoori
214,/m/07rwj214,semplo
215,/m/07rwj215,semsan
216,/m/07rwj216,sheowl
217,/m/07rwj217,shshaw
218,/m/07rwj218,snobun
219,/m/07rwj219,snogoo
220,/m/07rwj220,solsan
221,/m/07rwj221,sonspa
222,/m/07rwj222,sora
223,/m/07rwj223,sposan
224,/m/07rwj224,spotow
225,/m/07rwj225,stejay
226,/m/07rwj226,swahaw
227,/m/07rwj227,swaspa
228,/m/07rwj228,swathr
229,/m/07rwj229,treswa
230,/m/07rwj230,truswa
231,/m/07rwj231,tuftit
232,/m/07rwj232,tunswa
233,/m/07rwj233,veery
234,/m/07rwj234,vesspa
235,/m/07rwj235,vigswa
236,/m/07rwj236,warvir
237,/m/07rwj237,wesblu
238,/m/07rwj238,wesgre
239,/m/07rwj239,weskin
240,/m/07rwj240,wesmea
241,/m/07rwj241,wessan
242,/m/07rwj242,westan
243,/m/07rwj243,wewpew
244,/m/07rwj244,whbnut
245,/m/07rwj245,whcspa
246,/m/07rwj246,whfibi
247,/m/07rwj247,whtspa
248,/m/07rwj248,whtswi
249,/m/07rwj249,wilfly
250,/m/07rwj250,wilsni1
251,/m/07rwj251,wiltur
252,/m/07rwj252,winwre3
253,/m/07rwj253,wlswar
254,/m/07rwj254,wooduc
255,/m/07rwj255,wooscj2
256,/m/07rwj256,woothr
257,/m/07rwj257,y00475
258,/m/07rwj258,yebfly
259,/m/07rwj259,yebsap
260,/m/07rwj260,yehbla
261,/m/07rwj261,yelwar
262,/m/07rwj262,yerwar
263,/m/07rwj263,yetvir
